,i..X,Y,OBJECTID,Code,Power_Plant_Name,Utility_Name,Utility_ID,Sector_Name,City,County,State,Zip,Street_Address,PrimSource,Install_MW,Total_MW,Coal_MW,NG_MW,Crude_MW,Hydro_MW,HydroPS_MW,Nuclear_MW,Solar_MW,Wind_MW,Source_Desc,Technology_Desc,Data_Source,Period,Latitude,Longitude,Geoth_MW,Battery_MW,Others_MW,Biomass_MW,Presence,lat_lon_index
1,-98.400339,29.304177,55,57197,Blue Wing Solar Energy Generation,TX Solar I LLC,56565,IPP Non-CHP,San Antonio,Bexar,Texas,78223,10810 S Blue Wind Rd.,solar,13.9,13.5,0,0,0,0,0,0,13.5,0,Solar = 13.5 MW,Solar Photovoltaic,"EIA-860, EIA-860M and EIA-923",202001,29.304177,-98.400339,0,0,0,0,6,117
2,-97.508812,30.238492,221,57699,Webberville Solar Project,FRV AE Solar LLC,57021,IPP Non-CHP,Manor,Travis,Texas,78653,18580 FM 969,solar,30,30,0,0,0,0,0,0,30,0,Solar = 30 MW,Solar Photovoltaic,"EIA-860, EIA-860M and EIA-923",202001,30.238492,-97.508812,0,0,0,0,6,150
3,-98.669167,29.221944,323,58009,SunE CPS3 LLC,SunE CPS3 LLC,57386,IPP Non-CHP,Somerset,Bexar,Texas,78069,8719 S FM 2790,solar,10.6,10.6,0,0,0,0,0,0,10.6,0,Solar = 10.6 MW,Solar Photovoltaic,"EIA-860, EIA-860M and EIA-923",202001,29.221944,-98.669167,0,0,0,0,6,116
4,-97.690286,30.557044,327,58013,IKEA Round Rock 027,IKEA Property Inc,57389,Commercial Non-CHP,Round Rock,Williamson,Texas,78664,1 IKEA Way,solar,1.4,1.3,0,0,0,0,0,0,1.3,0,Solar = 1.3 MW,Solar Photovoltaic,"EIA-860, EIA-860M and EIA-923",202001,30.557044,-97.690286,0,0,0,0,6,151
5,-98.418333,29.245,332,58027,SunE CPS2 LLC,SunE CPS2 LLC,57403,IPP Non-CHP,San Antonio,Bexar,Texas,78221,3580 Valley Rd,solar,10,9.9,0,0,0,0,0,0,9.9,0,Solar = 9.9 MW,Solar Photovoltaic,"EIA-860, EIA-860M and EIA-923",202001,29.245,-98.418333,0,0,0,0,6,116
6,-98.418333,29.245,346,58068,SunE CPS1 LLC,SunE CPS1 LLC,57419,IPP Non-CHP,San Antonio,Bexar,Texas,78221,4000 Rabel Road,solar,10,9.9,0,0,0,0,0,0,9.9,0,Solar = 9.9 MW,Solar Photovoltaic,"EIA-860, EIA-860M and EIA-923",202001,29.245,-98.418333,0,0,0,0,6,116
7,-104.3,29.6,516,58488,"Bryan Solar, LLC","NVT LICENSES, LLC",58473,IPP Non-CHP,Presidio,Presidio,Texas,79845,3400 Rancho Rd,solar,10,10,0,0,0,0,0,0,10,0,Solar = 10 MW,Solar Photovoltaic,"EIA-860, EIA-860M and EIA-923",202001,29.6,-104.3,0,0,0,0,6,6
8,-98.444722,29.271667,554,58537,OCI Alamo Solar I Hybrid,OCI Solar Power,58489,IPP Non-CHP,San Antonio,Bexar,Texas,78204,14984 South Blue Wing Road,solar,41.7,41.7,0,0,0,0,0,0,40.7,0,"Battery = 1 MW, Solar = 40.7 MW",Batteries; Solar Photovoltaic;,"EIA-860, EIA-860M and EIA-923",202001,29.271667,-98.444722,0,1,0,0,6,117
9,-103.35,30.96,647,58710,Barilla Solar,First Solar Asset Management,59745,IPP Non-CHP,Fort Stockton,Pecos,Texas,79735,Hovey Road,solar,30.2,30.2,0,0,0,0,0,0,30.2,0,Solar = 30.2 MW,Solar Photovoltaic,"EIA-860, EIA-860M and EIA-923",202001,30.96,-103.35,0,0,0,0,6,15
10,-98.331944,29.469444,650,58716,"OCI Alamo 2, LLC",OCI Solar Power,58489,IPP Non-CHP,Converse,Bexar,Texas,78109,8203 Binz Engelman Road,solar,4.4,4.4,0,0,0,0,0,0,4.4,0,Solar = 4.4 MW,Solar Photovoltaic,"EIA-860, EIA-860M and EIA-923",202001,29.469444,-98.331944,0,0,0,0,6,117
11,-100.383889,29.328889,651,58717,"OCI Alamo 4, LLC",Consolidated Edison Development Inc.,56769,IPP Non-CHP,Brackettville,Kinney,Texas,78837,Ranch to Market Road 334,solar,39.6,39.6,0,0,0,0,0,0,39.6,0,Solar = 39.6 MW,Solar Photovoltaic,"EIA-860, EIA-860M and EIA-923",202001,29.328889,-100.383889,0,0,0,0,6,56
12,-98.297222,29.479167,918,59204,OCI Alamo 3 LLC,Consolidated Edison Development Inc.,56769,IPP Non-CHP,San Antonio,Bexar,Texas,78109,12065 E Loop 1604,solar,5.5,5.5,0,0,0,0,0,0,5.5,0,Solar = 5.5 MW,Solar Photovoltaic,"EIA-860, EIA-860M and EIA-923",202001,29.479167,-98.297222,0,0,0,0,6,117
13,-99.716111,29.216667,919,59205,OCI Alamo 5 LLC,Consolidated Edison Development Inc.,56769,IPP Non-CHP,Uvalde,Uvalde,Texas,78801,5061 Farm to Market 1023,solar,100,100,0,0,0,0,0,0,100,0,Solar = 100 MW,Solar Photovoltaic,"EIA-860, EIA-860M and EIA-923",202001,29.216667,-99.716111,0,0,0,0,6,84
14,-102.270833,30.993056,920,59206,Alamo 6,"BHE Renewables, LLC",59359,IPP Non-CHP,Fort Stockton,Pecos,Texas,79735,1401 Nevill Cutoff Road,solar,105,116,0,0,0,0,0,0,116,0,Solar = 116 MW,Solar Photovoltaic,"EIA-860, EIA-860M and EIA-923",202001,30.993056,-102.270833,0,0,0,0,6,27
15,-99.5525,33.04,921,59207,OCI Alamo 7 LLC,Consolidated Edison Development Inc.,56769,IPP Non-CHP,Haskell,Haskell,Texas,79521,11180 Loop Rd,solar,100,100,0,0,0,0,0,0,100,0,Solar = 100 MW,Solar Photovoltaic,"EIA-860, EIA-860M and EIA-923",202001,33.04,-99.5525,0,0,0,0,6,92
17,-103.306662,30.960209,1375,59994,RE Roserock,Southern Power Co,17650,IPP Non-CHP,Fort Stockton,Pecos,Texas,79735,293 Mendal Road,solar,160,157.5,0,0,0,0,0,0,157.5,0,Solar = 157.5 MW,Solar Photovoltaic,"EIA-860, EIA-860M and EIA-923",202001,30.960209,-103.306662,0,0,0,0,6,15
18,-102.551292,30.57552,1407,60044,Buckthorn Westex,"Buckthorn Westex, LLC",59777,IPP Non-CHP,Ft. Stockton,Pecos,Texas,79735,Texas rt. 18,solar,202,202,0,0,0,0,0,0,202,0,Solar = 202 MW,Solar Photovoltaic,"EIA-860, EIA-860M and EIA-923",202001,30.57552,-102.551292,0,0,0,0,6,26
19,-102.272,31.255,1466,60123,Castle Gap Solar Hybrid,Upton County Solar 2 LLC,61123,IPP Non-CHP,McCarney,Upton,Texas,79752,5291 US HWY 385 South,solar,189.9,189.9,0,0,0,0,0,0,180,0,"Battery = 9.9 MW, Solar = 180 MW",Batteries; Solar Photovoltaic;,"EIA-860, EIA-860M and EIA-923",202001,31.255,-102.272,0,9.9,0,0,6,28
21,-101.926522,32.715611,1594,60372,Lamesa Solar,Southern Power Co,17650,IPP Non-CHP,Lamesa,Dawson,Texas,79331,1236 County Rd 20,solar,100,100,0,0,0,0,0,0,100,0,Solar = 100 MW,Solar Photovoltaic,"EIA-860, EIA-860M and EIA-923",202001,32.715611,-101.926522,0,0,0,0,6,36
22,-96.979168,33.2706,1630,60427,CoServ Community Solar Station,CoServ Electric,60228,IPP Non-CHP,Aubrey,Denton,Texas,76227,15554 Ike Byrom Rd,solar,2,2,0,0,0,0,0,0,2,0,Solar = 2 MW,Solar Photovoltaic,"EIA-860, EIA-860M and EIA-923",202001,33.2706,-96.979168,0,0,0,0,6,168
23,-102.281744,31.000883,1636,60436,East Pecos Solar,Southern Power Co,17650,IPP Non-CHP,McCamey,Pecos,Texas,75792,7220 Nevill Road,solar,118.5,118.5,0,0,0,0,0,0,118.5,0,Solar = 118.5 MW,Solar Photovoltaic,"EIA-860, EIA-860M and EIA-923",202001,31.000883,-102.281744,0,0,0,0,6,27
24,-98.26922,29.377966,1661,60472,CPS 1 Community Solar,Clean Energy Collective LLC,58519,IPP Non-CHP,Adkins,Bexar,Texas,78101,12750 E US Hwy 87,solar,1,1,0,0,0,0,0,0,1,0,Solar = 1 MW,Solar Photovoltaic,"EIA-860, EIA-860M and EIA-923",202001,29.377966,-98.26922,0,0,0,0,6,117
25,-102.29027,31.241808,1735,60581,Upton County Solar,Consolidated Edison Development Inc.,56769,IPP Non-CHP,McCamey,Upton,Texas,79752,2361 Letter B Road,solar,150,150,0,0,0,0,0,0,150,0,Solar = 150 MW,Solar Photovoltaic,"EIA-860, EIA-860M and EIA-923",202001,31.241808,-102.29027,0,0,0,0,6,27
26,-102.26831,30.98784,1796,60682,Pearl Solar,"BHE Renewables, LLC",59359,IPP Non-CHP,Fort Stockton,Pecos,Texas,79735,1401 Nevill Cutoff Road,solar,50,50,0,0,0,0,0,0,50,0,Solar = 50 MW,Solar Photovoltaic,"EIA-860, EIA-860M and EIA-923",202001,30.98784,-102.26831,0,0,0,0,6,27
27,-97.845111,31.114983,1861,60774,Phantom Solar,"Phantom Solar, LLC",60400,IPP Non-CHP,Fort Hood,Bell,Texas,76544,91001 Ammo Road,solar,15.4,15.4,0,0,0,0,0,0,15.4,0,Solar = 15.4 MW,Solar Photovoltaic,"EIA-860, EIA-860M and EIA-923",202001,31.114983,-97.845111,0,0,0,0,6,136
28,-100.828,31.87,1872,60789,Bluebell Solar,"Bluebell Solar, LLC",60476,IPP Non-CHP,Sterling City,Sterling,Texas,76951,533 Bird Lane,solar,30,30,0,0,0,0,0,0,30,0,Solar = 30 MW,Solar Photovoltaic,"EIA-860, EIA-860M and EIA-923",202001,31.87,-100.828,0,0,0,0,6,50
29,-103.4747,30.45512,2009,60989,SolaireHolman Solar Project,"SolaireHolman 1, LLC",60636,IPP Non-CHP,Alpine,Brewster,Texas,79830,89287 US Hwy 67,solar,50,50,0,0,0,0,0,0,50,0,Solar = 50 MW,Solar Photovoltaic,"EIA-860, EIA-860M and EIA-923",202001,30.45512,-103.4747,0,0,0,0,6,14
30,-99.762212,29.681032,2137,61205,Bandera Electric Coop PV,SoCore Energy LLC,60520,IPP Non-CHP,Leakey,Real,Texas,78873,352 Walter White Ranch Road,solar,1.5,1.5,0,0,0,0,0,0,1.5,0,Solar = 1.5 MW,Solar Photovoltaic,"EIA-860, EIA-860M and EIA-923",202001,29.681032,-99.762212,0,0,0,0,6,71
31,-97.05,32.82,2197,61309,IKEA Grand Prairie Rooftop PV System,IKEA Property Inc,57389,IPP Non-CHP,Grand Prairie,Dallas,Texas,75052,1000 IKEA Way,solar,1.2,1.1,0,0,0,0,0,0,1.1,0,Solar = 1.1 MW,Solar Photovoltaic,"EIA-860, EIA-860M and EIA-923",202001,32.82,-97.05,0,0,0,0,6,167
32,-102.223537,30.995503,2238,61368,Midway Solar - TX,MIdway Solar,61801,IPP Non-CHP,Fort Stockton,Pecos,Texas,79735,FM highway 1901 at CO-OP Road,solar,182,182,0,0,0,0,0,0,182,0,Solar = 182 MW,Solar Photovoltaic,"EIA-860, EIA-860M and EIA-923",202001,30.995503,-102.223537,0,0,0,0,6,33
33,-97.768464,32.07868,2240,61370,Walnut Springs Solar,Cypress Creek Renewables,61060,IPP Non-CHP,Walnut Springs,Bosque,Texas,76690,563 Farm Road 203,solar,5,5,0,0,0,0,0,0,5,0,Solar = 5 MW,Solar Photovoltaic,"EIA-860, EIA-860M and EIA-923",202001,32.07868,-97.768464,0,0,0,0,6,138
34,-96.690448,33.614436,2263,61409,Highway 56 Solar,Cypress Creek Renewables,61060,IPP Non-CHP,Sherman,Grayson,Texas,75092,16480 Hwy 56,solar,5.3,5.3,0,0,0,0,0,0,5.3,0,Solar = 5.3 MW,Solar Photovoltaic,"EIA-860, EIA-860M and EIA-923",202001,33.614436,-96.690448,0,0,0,0,6,179
35,-96.868721,33.616526,2264,61410,Whitesboro Solar,Cypress Creek Renewables,61060,IPP Non-CHP,Whitesboro,Grayson,Texas,76273,4899 FM 901,solar,5,5,0,0,0,0,0,0,5,0,Solar = 5 MW,Solar Photovoltaic,"EIA-860, EIA-860M and EIA-923",202001,33.616526,-96.868721,0,0,0,0,6,168
36,-96.867474,33.624853,2265,61411,Whitesboro Solar II,Cypress Creek Renewables,61060,IPP Non-CHP,Whitesboro,Grayson,Texas,76273,4899 FM 901,solar,5,5,0,0,0,0,0,0,5,0,Solar = 5 MW,Solar Photovoltaic,"EIA-860, EIA-860M and EIA-923",202001,33.624853,-96.867474,0,0,0,0,6,168
37,-96.15994,29.740788,2322,61493,E-Volve Energy Holdings LLC,E-Volve Energy Holdings LLC,61100,IPP Non-CHP,Sealy,Austin,Texas,77474,886 FM 3013,solar,1.6,1.6,0,0,0,0,0,0,1.6,0,Solar = 1.6 MW,Solar Photovoltaic,"EIA-860, EIA-860M and EIA-923",202001,29.740788,-96.15994,0,0,0,0,6,181
38,-96.877205,31.286739,2337,61513,Marlin Solar,Cypress Creek Renewables,61060,IPP Non-CHP,Marlin,Limestone,Texas,76661,253 CR 2861,solar,5.3,5.3,0,0,0,0,0,0,5.3,0,Solar = 5.3 MW,Solar Photovoltaic,"EIA-860, EIA-860M and EIA-923",202001,31.286739,-96.877205,0,0,0,0,6,164
39,-97.148569,33.656072,2338,61514,North Gainesville Solar,Cypress Creek Renewables,61060,IPP Non-CHP,Gainesville,Cooke,Texas,76420,2651 N. Weaver Street,solar,5.2,5.2,0,0,0,0,0,0,5.2,0,Solar = 5.2 MW,Solar Photovoltaic,"EIA-860, EIA-860M and EIA-923",202001,33.656072,-97.148569,0,0,0,0,6,168
40,-96.378894,33.498186,2347,61524,Whitewright Solar,Cypress Creek Renewables,61060,IPP Non-CHP,Whitewright,Fannin,Texas,75491,15058 N. W. State Highway 11,solar,10,10,0,0,0,0,0,0,10,0,Solar = 10 MW,Solar Photovoltaic,"EIA-860, EIA-860M and EIA-923",202001,33.498186,-96.378894,0,0,0,0,6,179
41,-96.239739,33.16114,2354,61532,Leon Solar,Cypress Creek Renewables,61060,IPP Non-CHP,Greenville,Hunt,Texas,75401,639 CR 1119,solar,10,10,0,0,0,0,0,0,10,0,Solar = 10 MW,Solar Photovoltaic,"EIA-860, EIA-860M and EIA-923",202001,33.16114,-96.239739,0,0,0,0,6,188
42,-96.627,33.619,2430,61625,West Moore Solar II,Cypress Creek Renewables,61060,IPP Non-CHP,Sherman,Grayson,Texas,75092,1917 W. Moore Street,solar,5,5,0,0,0,0,0,0,5,0,Solar = 5 MW,Solar Photovoltaic,"EIA-860, EIA-860M and EIA-923",202001,33.619,-96.627,0,0,0,0,6,179
43,-101.885218,32.713326,2470,61697,Lamesa II,"Lamesa Solar II, L.L.C.",62080,IPP Non-CHP,Lamesa,Dawson,Texas,79331,2060 County Rd O,solar,50,50,0,0,0,0,0,0,50,0,Solar = 50 MW,Solar Photovoltaic,"EIA-860, EIA-860M and EIA-923",202001,32.713326,-101.885218,0,0,0,0,6,36
44,-97.684861,30.265877,2473,61700,PowerFin Kingsbery,"PowerFin ASL 1, LLC",61323,IPP Non-CHP,Austin,Travis,Texas,78721,942 Lott Avenue,solar,2.6,2.6,0,0,0,0,0,0,2.6,0,Solar = 2.6 MW,Solar Photovoltaic,"EIA-860, EIA-860M and EIA-923",202001,30.265877,-97.684861,0,0,0,0,6,151
45,-95.39071,33.63291,2536,61810,Chisum,Cypress Creek Renewables,61060,IPP Non-CHP,Blossom,Lamar,Texas,75416,Farm to Market Road 196,solar,10,10,0,0,0,0,0,0,10,0,Solar = 10 MW,Solar Photovoltaic,"EIA-860, EIA-860M and EIA-923",202001,33.63291,-95.39071,0,0,0,0,6,199
46,-96.076894,29.631324,2569,61867,Bovine,Cypress Creek Renewables,61060,IPP Non-CHP,Wallis,Austin,Texas,76524,427 W FM 1093,solar,10,10,0,0,0,0,0,0,10,0,Solar = 10 MW,Solar Photovoltaic,"EIA-860, EIA-860M and EIA-923",202001,29.631324,-96.076894,0,0,0,0,6,181
47,-95.969548,29.537482,2570,61868,Bronson,Cypress Creek Renewables,61060,IPP Non-CHP,Beasley,Fort Bend,Texas,77417,4343 FM 1875 Road #1,solar,10,10,0,0,0,0,0,0,10,0,Solar = 10 MW,Solar Photovoltaic,"EIA-860, EIA-860M and EIA-923",202001,29.537482,-95.969548,0,0,0,0,6,181
48,-96.172617,33.166173,2573,61871,Sterling Solar (TX),Cypress Creek Renewables,61060,IPP Non-CHP,Greenville,Hunt,Texas,75401,CR 1060,solar,10,10,0,0,0,0,0,0,10,0,Solar = 10 MW,Solar Photovoltaic,"EIA-860, EIA-860M and EIA-923",202001,33.166173,-96.172617,0,0,0,0,6,188
49,-99.537261,30.872228,2574,61872,Lampwick,Cypress Creek Renewables,61060,IPP Non-CHP,Hext,Menard,Texas,76848,HWY 29,solar,7.5,7.5,0,0,0,0,0,0,7.5,0,Solar = 7.5 MW,Solar Photovoltaic,"EIA-860, EIA-860M and EIA-923",202001,30.872228,-99.537261,0,0,0,0,6,88
50,-97.653747,31.933841,2575,61873,Yellow Jacket,Cypress Creek Renewables,61060,IPP Non-CHP,Meridian,Bosque,Texas,76665,TX-174,solar,5,5,0,0,0,0,0,0,5,0,Solar = 5 MW,Solar Photovoltaic,"EIA-860, EIA-860M and EIA-923",202001,31.933841,-97.653747,0,0,0,0,6,154
51,-97.260738,31.291151,2576,61874,Eddy II,Cypress Creek Renewables,61060,IPP Non-CHP,Eddy,McLennan,Texas,76524,698 Franklin Road,solar,10,10,0,0,0,0,0,0,10,0,Solar = 10 MW,Solar Photovoltaic,"EIA-860, EIA-860M and EIA-923",202001,31.291151,-97.260738,0,0,0,0,6,153
52,-96.023384,29.205355,2577,61875,Cascade Solar (TX),Cypress Creek Renewables,61060,IPP Non-CHP,Wharton,Wharton,Texas,77488,10407 TX-60,solar,10,10,0,0,0,0,0,0,10,0,Solar = 10 MW,Solar Photovoltaic,"EIA-860, EIA-860M and EIA-923",202001,29.205355,-96.023384,0,0,0,0,6,180
54,-96.84113,33.084219,2591,61895,Toyota HQ Plan,"PGC Plano I, LLC",61509,IPP Non-CHP,Plano,Collin,Texas,75024,6565 Headquarters Dr,solar,7.7,5.9,0,0,0,0,0,0,5.9,0,Solar = 5.9 MW,Solar Photovoltaic,"EIA-860, EIA-860M and EIA-923",202001,33.084219,-96.84113,0,0,0,0,6,167
55,-102.868295,31.843422,2600,61906,Phoebe Solar,"Phoebe Energy Project, LLC",61515,IPP Non-CHP,Kermit,Winkler,Texas,79745,11445 E St HWY 302,solar,250,250,0,0,0,0,0,0,250,0,Solar = 250 MW,Solar Photovoltaic,"EIA-860, EIA-860M and EIA-923",202001,31.843422,-102.868295,0,0,0,0,6,23
56,-98.25,29.48,2758,62152,IKEA Live Oak Rooftop PV System,IKEA Property Inc,57389,Commercial Non-CHP,Live Oak,Bexar,Texas,78233,1000 IKEA RBFCU Parkway,solar,1.7,1.7,0,0,0,0,0,0,1.7,0,Solar = 1.7 MW,Solar Photovoltaic,"EIA-860, EIA-860M and EIA-923",202001,29.48,-98.25,0,0,0,0,6,117
57,-100.099625,34.380532,2803,62249,Misae Solar,Misae Lessee LLC,63048,IPP Non-CHP,Childress,Childress,Texas,79201,TBD,solar,240,240,0,0,0,0,0,0,240,0,Solar = 240 MW,Solar Photovoltaic,"EIA-860, EIA-860M and EIA-923",202001,34.380532,-100.099625,0,0,0,0,6,81
58,-103.7289,31.4308,2882,62415,West of the Pecos Solar,RWE Renewables Americas LLC,56215,IPP Non-CHP,TBD,Reeves,Texas,79772,TBD,solar,100,100,0,0,0,0,0,0,100,0,Solar = 100 MW,Solar Photovoltaic,"EIA-860, EIA-860M and EIA-923",202001,31.4308,-103.7289,0,0,0,0,6,16
59,-102.672809,32.460054,2886,62448,Lapetus,Lapetus Energy Project LLC,61960,IPP Non-CHP,Andrews,Andrews,Texas,79714,TBD,solar,100,100,0,0,0,0,0,0,100,0,Solar = 100 MW,Solar Photovoltaic,"EIA-860, EIA-860M and EIA-923",202001,32.460054,-102.672809,0,0,0,0,6,30
60,-98.61765,29.43445,2941,62610,Commerce Solar,City of San Antonio - (TX),16604,Electric Utility,San Antonio,Bexar,Texas,78227,9800 W Commerce,solar,5,5,0,0,0,0,0,0,5,0,Solar = 5 MW,Solar Photovoltaic,"EIA-860, EIA-860M and EIA-923",202001,29.43445,-98.61765,0,0,0,0,6,117
61,-97.141218,31.474114,3074,62953,Griffin Solar,Cypress Creek Renewables,61060,IPP Non-CHP,Robinson,McLennan,Texas,76706,1301 Greig Dr,solar,5,5,0,0,0,0,0,0,5,0,Solar = 5 MW,Solar Photovoltaic,"EIA-860, EIA-860M and EIA-923",202001,31.474114,-97.141218,0,0,0,0,6,164
62,-98.834962,27.421553,3096,63027,Mars Solar,Cypress Creek Renewables,61060,IPP Non-CHP,Bruni,Webb,Texas,78344,25564 State Highway 359,solar,10,10,0,0,0,0,0,0,10,0,Solar = 10 MW,Solar Photovoltaic,"EIA-860, EIA-860M and EIA-923",202001,27.421553,-98.834962,0,0,0,0,6,97
63,-97.35,32.05,3156,63180,"TPE Whitney Solar, LLC",Alchemy Renewable Energy,62627,IPP Non-CHP,Kopperl,Bosque,Texas,76652,468 County Road 1145,solar,9.9,9.9,0,0,0,0,0,0,9.9,0,Solar = 9.9 MW,Solar Photovoltaic,"EIA-860, EIA-860M and EIA-923",202001,32.05,-97.35,0,0,0,0,6,154
64,-101.388333,32.2075,51,54979,Big Spring Wind Power Facility,Terra-Gen Operating Co-Wind,2770,IPP Non-CHP,Big Spring,Howard,Texas,79720,3300 South Moss Lake Rd,wind,34.3,34.3,0,0,0,0,0,0,0,34.3,Wind = 34.3 MW,Onshore Wind Turbine,"EIA-860, EIA-860M and EIA-923",202001,32.2075,-101.388333,0,0,0,0,6,42
66,-102.2417,31.2092,78,55581,King Mountain Wind Ranch 1,FPL Energy Upton Wind LP,6354,IPP Non-CHP,McCamey,Upton,Texas,79752,120 E. 5th Street,wind,278,278,0,0,0,0,0,0,0,278,Wind = 278 MW,Onshore Wind Turbine,"EIA-860, EIA-860M and EIA-923",202001,31.2092,-102.2417,0,0,0,0,6,33
67,-102.201433,30.931467,89,55747,NWP Indian Mesa Wind Farm,NWP Indian Mesa Wind Farm LP,13866,IPP Non-CHP,Iraan,Pecos,Texas,79744,Bar M Ranch,wind,82.5,82.5,0,0,0,0,0,0,0,82.5,Wind = 82.5 MW,Onshore Wind Turbine,"EIA-860, EIA-860M and EIA-923",202001,30.931467,-102.201433,0,0,0,0,6,33
68,-102.414067,30.9514,93,55795,Woodward Mountain II,Pecos Wind II LP,14629,IPP Non-CHP,Girvin,Pecos,Texas,79740,6.5 miles South Hwy,wind,78,78,0,0,0,0,0,0,0,78,Wind = 78 MW,Onshore Wind Turbine,"EIA-860, EIA-860M and EIA-923",202001,30.9514,-102.414067,0,0,0,0,6,27
69,-102.414067,30.9514,94,55796,Woodward Mountain I,Pecos Wind I LP,14628,IPP Non-CHP,Girvin,Pecos,Texas,79740,6.5 miles South Hwy,wind,82,82,0,0,0,0,0,0,0,82,Wind = 82 MW,Onshore Wind Turbine,"EIA-860, EIA-860M and EIA-923",202001,30.9514,-102.414067,0,0,0,0,6,27
70,-100.235652,32.4301,102,55968,Trent Wind Farm LP,Trent Wind Farm LP,19171,IPP Non-CHP,Trent,Nolan,Texas,79561,1423 CR 131,wind,152,152,0,0,0,0,0,0,0,152,Wind = 152 MW,Onshore Wind Turbine,"EIA-860, EIA-860M and EIA-923",202001,32.4301,-100.235652,0,0,0,0,6,77
71,-102.0867,30.9178,107,55992,Desert Sky,Desert Sky Wind Farm LP,49796,IPP Non-CHP,Iraan,Pecos,Texas,79744,8135 E Hwy 190,wind,167.7,167.7,0,0,0,0,0,0,0,167.7,Wind = 167.7 MW,Onshore Wind Turbine,"EIA-860, EIA-860M and EIA-923",202001,30.9178,-102.0867,0,0,0,0,6,33
72,-101.147784,32.94793,124,56111,Brazos Wind Farm,Shell Wind Energy Inc.,17058,IPP Non-CHP,Fluvanna,Scurry,Texas,79517,968 Main Street,wind,160,160,0,0,0,0,0,0,0,160,Wind = 160 MW,Onshore Wind Turbine,"EIA-860, EIA-860M and EIA-923",202001,32.94793,-101.147784,0,0,0,0,6,52
73,-100.3389,32.3606,147,56211,Sweetwater Wind 1 LLC,"Leeward Asset Management, LLC",50123,IPP Non-CHP,Sweetwater,Nolan,Texas,79556,7051 Hwy 70,wind,37.5,37.5,0,0,0,0,0,0,0,37.5,Wind = 37.5 MW,Onshore Wind Turbine,"EIA-860, EIA-860M and EIA-923",202001,32.3606,-100.3389,0,0,0,0,6,62
74,-100.3703,32.3472,148,56212,Sweetwater Wind 2 LLC,"Leeward Asset Management, LLC",50123,IPP Non-CHP,Sweetwater,Nolan,Texas,79556,Nolan,wind,98.8,98.8,0,0,0,0,0,0,0,98.8,Wind = 98.8 MW,Onshore Wind Turbine,"EIA-860, EIA-860M and EIA-923",202001,32.3472,-100.3703,0,0,0,0,6,62
76,-100.061589,32.311556,152,56240,Buffalo Gap Wind Farm,AES Wind Generation Inc,19740,IPP Non-CHP,Merkel,Taylor,Texas,79536,10718 FM89,wind,120.6,120.6,0,0,0,0,0,0,0,120.6,Wind = 120.6 MW,Onshore Wind Turbine,"EIA-860, EIA-860M and EIA-923",202001,32.311556,-100.061589,0,0,0,0,6,77
77,-100.021667,32.303889,156,56270,Callahan Divide Wind Energy Center,"FPL Energy Callahan Wind, LLC",50012,IPP Non-CHP,Tusocola,Taylor,Texas,79562,1209 F CR 618,wind,114,114,0,0,0,0,0,0,0,114,Wind = 114 MW,Onshore Wind Turbine,"EIA-860, EIA-860M and EIA-923",202001,32.303889,-100.021667,0,0,0,0,6,77
78,-100.05712,32.214024,162,56291,Horse Hollow Wind Energy Center,FPL Energy Horse Hollow LLC,50063,IPP Non-CHP,Wingate,Taylor,Texas,79566,14064 B Hwy 277 S,wind,735.5,735.5,0,0,0,0,0,0,0,735.5,Wind = 735.5 MW,Onshore Wind Turbine,"EIA-860, EIA-860M and EIA-923",202001,32.214024,-100.05712,0,0,0,0,6,76
79,-100.4219,32.290833,175,56311,Sweetwater Wind 3 LLC,"Leeward Asset Management, LLC",50123,IPP Non-CHP,Sweetwater,Nolan,Texas,79556,10 miles South Hwy 70,wind,135,135,0,0,0,0,0,0,0,135,Wind = 135 MW,Onshore Wind Turbine,"EIA-860, EIA-860M and EIA-923",202001,32.290833,-100.4219,0,0,0,0,6,62
80,-100.5303,32.3122,180,56337,Sweetwater Wind 4 LLC,"Leeward Asset Management, LLC",50123,IPP Non-CHP,Roscoe,Nolan,Texas,79545,7900 FM 608,wind,241,241,0,0,0,0,0,0,0,241,Wind = 241 MW,Onshore Wind Turbine,"EIA-860, EIA-860M and EIA-923",202001,32.3122,-100.5303,0,0,0,0,6,62
81,-100.4833,32.236944,192,56372,Sweetwater Wind 5,"Leeward Asset Management, LLC",50123,IPP Non-CHP,Roscoe,Nolan,Texas,79545,7900 FM 608,wind,80.5,80.5,0,0,0,0,0,0,0,80.5,Wind = 80.5 MW,Onshore Wind Turbine,"EIA-860, EIA-860M and EIA-923",202001,32.236944,-100.4833,0,0,0,0,6,61
82,-101.22,32.039,202,56394,Forest Creek Wind Farm LLC,RWE Renewables Americas LLC,56215,IPP Non-CHP,Big Springs,Glasscock,Texas,79720,893 McDonald Road North,wind,124.2,124.2,0,0,0,0,0,0,0,124.2,Wind = 124.2 MW,Onshore Wind Turbine,"EIA-860, EIA-860M and EIA-923",202001,32.039,-101.22,0,0,0,0,6,50
83,-99.4928,32.6256,203,56395,Mesquite Wind Power LLC,Mesquite Wind LLC,54759,IPP Non-CHP,Abilene,Shackelford,Texas,79601,299 FM 604,wind,200,200,0,0,0,0,0,0,0,200,Wind = 200 MW,Onshore Wind Turbine,"EIA-860, EIA-860M and EIA-923",202001,32.6256,-99.4928,0,0,0,0,6,91
85,-101.219397,32.92544,231,56457,Post Wind Farm LP,FPL Energy Red Canyon LLC,54870,IPP Non-CHP,Fluvanna,Borden,Texas,79517,423 Country Road,wind,84,84,0,0,0,0,0,0,0,84,Wind = 84 MW,Onshore Wind Turbine,"EIA-860, EIA-860M and EIA-923",202001,32.92544,-101.219397,0,0,0,0,6,52
86,-101.302637,31.991442,237,56479,Sand Bluff Wind Farm,RWE Renewables Americas LLC,56215,IPP Non-CHP,Big Spring,Glasscock,Texas,79720,893 N. McDonald Rd,wind,90,90,0,0,0,0,0,0,0,90,Wind = 90 MW,Onshore Wind Turbine,"EIA-860, EIA-860M and EIA-923",202001,31.991442,-101.302637,0,0,0,0,6,42
87,-99.6564,32.5144,238,56483,Post Oak Wind LLC,Mesquite Wind LLC,54759,IPP Non-CHP,Abilene,Shackelford,Texas,79601,299 FM 604,wind,200,200,0,0,0,0,0,0,0,200,Wind = 200 MW,Onshore Wind Turbine,"EIA-860, EIA-860M and EIA-923",202001,32.5144,-99.6564,0,0,0,0,6,91
88,-100.176986,32.318221,239,56484,Buffalo Gap 2 Wind Farm,AES Wind Generation Inc,19740,IPP Non-CHP,Merkel,Nolan,Texas,79536,10718 FM 89,wind,232.5,232.5,0,0,0,0,0,0,0,232.5,Wind = 232.5 MW,Onshore Wind Turbine,"EIA-860, EIA-860M and EIA-923",202001,32.318221,-100.176986,0,0,0,0,6,77
89,-100.9952,32.7204,247,56506,Scurry County Wind LP,Invenergy Services LLC,49893,IPP Non-CHP,Snyder,Scurry,Texas,79549,6543 E Hwy 180,wind,130.5,130.5,0,0,0,0,0,0,0,130.5,Wind = 130.5 MW,Onshore Wind Turbine,"EIA-860, EIA-860M and EIA-923",202001,32.7204,-100.9952,0,0,0,0,6,51
93,-100.6481,32.3983,270,56592,Champion Wind Farm LLC,RWE Renewables Americas LLC,56215,IPP Non-CHP,Roscoe,Nolan,Texas,79545,1100 County Rd. 140,wind,126.5,126.5,0,0,0,0,0,0,0,126.5,Wind = 126.5 MW,Onshore Wind Turbine,"EIA-860, EIA-860M and EIA-923",202001,32.3983,-100.6481,0,0,0,0,6,62
94,-100.6664,32.4694,271,56593,Roscoe Wind Farm LLC,RWE Renewables Americas LLC,56215,IPP Non-CHP,Roscoe,Nolan,Texas,79545,5722 County Rd. 466,wind,209,209,0,0,0,0,0,0,0,209,Wind = 209 MW,Onshore Wind Turbine,"EIA-860, EIA-860M and EIA-923",202001,32.4694,-100.6664,0,0,0,0,6,62
95,-100.738949,32.739294,273,56602,Snyder Wind Farm,Snyder Wind Farm LLC,55847,IPP Non-CHP,Synder,Scurry,Texas,79549,County Rd 1121,wind,63,63,0,0,0,0,0,0,0,63,Wind = 63 MW,Onshore Wind Turbine,"EIA-860, EIA-860M and EIA-923",202001,32.739294,-100.738949,0,0,0,0,6,62
96,-100.1,32.2878,297,56638,Buffalo Gap 3 Wind Farm,AES Wind Generation Inc,19740,IPP Non-CHP,Nolan,Nolan,Texas,79537,4220-A FM 126,wind,170.2,170.2,0,0,0,0,0,0,0,170.2,Wind = 170.2 MW,Onshore Wind Turbine,"EIA-860, EIA-860M and EIA-923",202001,32.2878,-100.1,0,0,0,0,6,77
97,-101.8367,32.2353,299,56644,Stanton Wind Energy LLC,Invenergy Services LLC,49893,IPP Non-CHP,Lenorah,Martin,Texas,79749,2646 State Highway 137,wind,120,120,0,0,0,0,0,0,0,120,Wind = 120 MW,Onshore Wind Turbine,"EIA-860, EIA-860M and EIA-923",202001,32.2353,-101.8367,0,0,0,0,6,35
99,-100.1286,32.4081,304,56649,South Trent Wind Farm,NRG Energy Inc,55397,IPP Non-CHP,Sweetwater,Nolan,Texas,79556,1101 CR 190,wind,101.2,101.2,0,0,0,0,0,0,0,101.2,Wind = 101.2 MW,Onshore Wind Turbine,"EIA-860, EIA-860M and EIA-923",202001,32.4081,-100.1286,0,0,0,0,6,77
100,-97.5994,27.0011,309,56661,Pattern Gulf Wind,Pattern Operators LP,56545,IPP Non-CHP,Armstrong,Kenedy,Texas,78338,803 Gulf Wind Road,wind,283.2,283.2,0,0,0,0,0,0,0,283.2,Wind = 283.2 MW,Onshore Wind Turbine,"EIA-860, EIA-860M and EIA-923",202001,27.0011,-97.5994,0,0,0,0,6,144
101,-101.0986,34.105,314,56673,Whirlwind Energy Center,Whirlwind Energy LLC,55922,IPP Non-CHP,Floydada,Floyd,Texas,79235,1683 County Rd 271,wind,59.8,57,0,0,0,0,0,0,0,57,Wind = 57 MW,Onshore Wind Turbine,"EIA-860, EIA-860M and EIA-923",202001,34.105,-101.0986,0,0,0,0,6,65
102,-100.791389,31.951944,324,56754,Goat Wind LP,NRG Energy Gas & Wind Holdings Inc,59883,IPP Non-CHP,Sterling City,Sterling,Texas,76951,240 & 241 Texas Hwy 158E,wind,149.6,149.6,0,0,0,0,0,0,0,149.6,Wind = 149.6 MW,Onshore Wind Turbine,"EIA-860, EIA-860M and EIA-923",202001,31.951944,-100.791389,0,0,0,0,6,50
103,-101.018936,31.951958,326,56763,Capricorn Ridge Wind LLC,Capricorn Ridge Wind LLC,55958,IPP Non-CHP,Sterling City,Sterling,Texas,76951,Unnammed Road,wind,662.5,662.5,0,0,0,0,0,0,0,662.5,Wind = 662.5 MW,Onshore Wind Turbine,"EIA-860, EIA-860M and EIA-923",202001,31.951958,-101.018936,0,0,0,0,6,50
104,-98.476051,32.338659,331,56771,Silver Star I Wind Power Project,Silver Star I Power Partners LLC,62076,IPP Non-CHP,Dublin,Erath,Texas,76446,10893 CR397,wind,60,60,0,0,0,0,0,0,0,60,Wind = 60 MW,Onshore Wind Turbine,"EIA-860, EIA-860M and EIA-923",202001,32.338659,-98.476051,0,0,0,0,6,123
105,-100.967402,33.752201,332,56773,McAdoo Wind Energy LLC,Invenergy Services LLC,49893,IPP Non-CHP,McAdoo,Dickens,Texas,79243,401 W FM 193,wind,150,150,0,0,0,0,0,0,0,150,Wind = 150 MW,Onshore Wind Turbine,"EIA-860, EIA-860M and EIA-923",202001,33.752201,-100.967402,0,0,0,0,6,53
106,-100.2686,32.1981,333,56774,Turkey Track Wind Energy LLC,Invenergy Services LLC,49893,IPP Non-CHP,Blackwell,Nolan,Texas,79537,4310 A Hwy 153,wind,169.5,169.5,0,0,0,0,0,0,0,169.5,Wind = 169.5 MW,Onshore Wind Turbine,"EIA-860, EIA-860M and EIA-923",202001,32.1981,-100.2686,0,0,0,0,6,61
107,-100.793333,32.718056,334,56775,Scurry County Wind II,Invenergy Services LLC,49893,IPP Non-CHP,Snyder,Scurry,Texas,79549,6543 E Hwy,wind,120,120,0,0,0,0,0,0,0,120,Wind = 120 MW,Onshore Wind Turbine,"EIA-860, EIA-860M and EIA-923",202001,32.718056,-100.793333,0,0,0,0,6,51
108,-101.473611,32.240278,335,56776,Gunsight Mountain Wind Energy LLC,Invenergy Services LLC,49893,IPP Non-CHP,Big Spring,Howard,Texas,79720,17012 North County Road 33,wind,120,120,0,0,0,0,0,0,0,120,Wind = 120 MW,Onshore Wind Turbine,"EIA-860, EIA-860M and EIA-923",202001,32.240278,-101.473611,0,0,0,0,6,42
109,-102.355628,30.807272,337,56779,Sherbino I Wind Farm,Sherbino Mesa I Windfarm LLC,62811,IPP Non-CHP,Fort Stockton,Pecos,Texas,79735,568 Private Road 6038,wind,150,150,0,0,0,0,0,0,0,150,Wind = 150 MW,Onshore Wind Turbine,"EIA-860, EIA-860M and EIA-923",202001,30.807272,-102.355628,0,0,0,0,6,27
110,-101.3986,32.1408,339,56783,Elbow Creek Wind Project LLC,Elbow Creek Wind Project LLC,55981,IPP Non-CHP,Forsan,Howard,Texas,79733,9919 Kay,wind,121.9,121.9,0,0,0,0,0,0,0,121.9,Wind = 121.9 MW,Onshore Wind Turbine,"EIA-860, EIA-860M and EIA-923",202001,32.1408,-101.3986,0,0,0,0,6,42
111,-97.5077,27.0702,347,56795,Penascal Wind Power LLC,Avangrid Renewables LLC,15399,IPP Non-CHP,Sarita,Kenedy,Texas,78385,581 South Highway 77,wind,201.6,201.6,0,0,0,0,0,0,0,201.6,Wind = 201.6 MW,Onshore Wind Turbine,"EIA-860, EIA-860M and EIA-923",202001,27.0702,-97.5077,0,0,0,0,6,144
112,-99.4228,32.7683,358,56823,Hackberry Wind Farm,Hackberry Wind LLC,56033,IPP Non-CHP,Albany,Shackelford,Texas,76430,177 Private Road,wind,165.6,162.3,0,0,0,0,0,0,0,162.3,Wind = 162.3 MW,Onshore Wind Turbine,"EIA-860, EIA-860M and EIA-923",202001,32.7683,-99.4228,0,0,0,0,6,92
120,-101.451385,32.100823,394,56920,Panther Creek Wind Farm I,RWE Renewables Americas LLC,56215,IPP Non-CHP,Big Spring,Howard,Texas,79720,1081 Longshore Road,wind,142.5,142.5,0,0,0,0,0,0,0,142.5,Wind = 142.5 MW,Onshore Wind Turbine,"EIA-860, EIA-860M and EIA-923",202001,32.100823,-101.451385,0,0,0,0,6,42
121,-101.2983,31.9361,395,56921,Panther Creek Wind Farm II,RWE Renewables Americas LLC,56215,IPP Non-CHP,Big Spring,Glasscock,Texas,79720,904 N. McDonald Rd,wind,115.5,115.5,0,0,0,0,0,0,0,115.5,Wind = 115.5 MW,Onshore Wind Turbine,"EIA-860, EIA-860M and EIA-923",202001,31.9361,-101.2983,0,0,0,0,6,42
122,-101.578617,32.929014,409,56956,Bull Creek Wind,Bull Creek Wind LLC,56222,IPP Non-CHP,O'Donnell,Borden,Texas,79351,1016d County Road,wind,180,180,0,0,0,0,0,0,0,180,Wind = 180 MW,Onshore Wind Turbine,"EIA-860, EIA-860M and EIA-923",202001,32.929014,-101.578617,0,0,0,0,6,44
123,-101.3853,32.1217,410,56959,Ocotillo Windpower,Duke Energy DEGS Ocotillo,56273,IPP Non-CHP,Forsan,Howard,Texas,79733,2803 FM 461,wind,58.8,58.8,0,0,0,0,0,0,0,58.8,Wind = 58.8 MW,Onshore Wind Turbine,"EIA-860, EIA-860M and EIA-923",202001,32.1217,-101.3853,0,0,0,0,6,42
124,-102.828333,31.995,412,56961,Notrees Windpower Hybrid,Duke Energy DEGS Notrees,56272,IPP Non-CHP,Goldsmith,Ector,Texas,79741,19991 Sheep Pasture Rd.,wind,188.5,188.5,0,0,0,0,0,0,0,152.5,"Battery = 36 MW, Wind = 152.5 MW",Batteries; Onshore Wind Turbine;,"EIA-860, EIA-860M and EIA-923",202001,31.995,-102.828333,0,36,0,0,6,23
125,-101.1167,31.9925,422,56979,Panther Creek Wind Farm Three,RWE Renewables Americas LLC,56215,IPP Non-CHP,Big Spring,Sterling,Texas,79720,904 North McDonald Rd,wind,199.5,199.5,0,0,0,0,0,0,0,199.5,Wind = 199.5 MW,Onshore Wind Turbine,"EIA-860, EIA-860M and EIA-923",202001,31.9925,-101.1167,0,0,0,0,6,50
126,-100.6728,32.5886,424,56981,Pyron Wind Farm LLC Hybrid,RWE Renewables Americas LLC,56215,IPP Non-CHP,Hermleigh,Fisher,Texas,79545,9871 County Rd. 4146,wind,258.9,258.9,0,0,0,0,0,0,0,249,"Battery = 9.9 MW, Wind = 249 MW",Batteries; Onshore Wind Turbine;,"EIA-860, EIA-860M and EIA-923",202001,32.5886,-100.6728,0,9.9,0,0,6,62
127,-97.4586,27.9386,425,56983,Papalote Creek I LLC,RWE Renewables Americas LLC,56215,IPP Non-CHP,Taft,San Patricio,Texas,78390,5399 C.R. 3161,wind,180,180,0,0,0,0,0,0,0,180,Wind = 180 MW,Onshore Wind Turbine,"EIA-860, EIA-860M and EIA-923",202001,27.9386,-97.4586,0,0,0,0,6,146
128,-100.5797,32.4969,426,56984,Inadale Wind Farm LLC Hybrid,RWE Renewables Americas LLC,56215,IPP Non-CHP,Roscoe,Nolan,Texas,79545,130 C.R. 170,wind,206.9,206.9,0,0,0,0,0,0,0,197,"Battery = 9.9 MW, Wind = 197 MW",Batteries; Onshore Wind Turbine;,"EIA-860, EIA-860M and EIA-923",202001,32.4969,-100.5797,0,9.9,0,0,6,62
129,-97.5499,27.1197,454,57095,Penascal II Wind Project LLC,Avangrid Renewables LLC,15399,IPP Non-CHP,Sarita,Kenedy,Texas,78385,881 South Highway 77,wind,201,201,0,0,0,0,0,0,0,201,Wind = 201 MW,Onshore Wind Turbine,"EIA-860, EIA-860M and EIA-923",202001,27.1197,-97.5499,0,0,0,0,6,144
130,-100.67882,31.085435,482,57153,Langford Wind Power,Langford Wind Power LLC,56506,IPP Non-CHP,Christoval,Tom Green,Texas,76935,9636 Duff Road,wind,150,150,0,0,0,0,0,0,0,150,Wind = 150 MW,Onshore Wind Turbine,"EIA-860, EIA-860M and EIA-923",202001,31.085435,-100.67882,0,0,0,0,6,59
131,-98.337652,33.06797,483,57156,Barton Chapel Wind Farm,Avangrid Renewables LLC,15399,IPP Non-CHP,Jacksboro,Jack,Texas,76458,6868 Rock Creek Rd,wind,120,120,0,0,0,0,0,0,0,120,Wind = 120 MW,Onshore Wind Turbine,"EIA-860, EIA-860M and EIA-923",202001,33.06797,-98.337652,0,0,0,0,6,124
132,-97.2967,27.9958,501,57212,Papalote Creek II LLC,RWE Renewables Americas LLC,56215,IPP Non-CHP,Taft,San Patricio,Texas,78390,546 FM 631,wind,200.1,200.1,0,0,0,0,0,0,0,200.1,Wind = 200.1 MW,Onshore Wind Turbine,"EIA-860, EIA-860M and EIA-923",202001,27.9958,-97.2967,0,0,0,0,6,146
133,-98.905278,27.576111,512,57260,Cedro Hill Wind LLC,NRG Energy Gas & Wind Holdings Inc,59883,IPP Non-CHP,Bruni,Webb,Texas,78344,7476 FM 2050,wind,150,150,0,0,0,0,0,0,0,150,Wind = 150 MW,Onshore Wind Turbine,"EIA-860, EIA-860M and EIA-923",202001,27.576111,-98.905278,0,0,0,0,6,97
136,-100.7444,32.4375,536,57303,Loraine Windpark Project LLC,Loraine Windpower Project,56667,IPP Non-CHP,Loraine,Mitchell,Texas,79532,4274 CR 446,wind,150,150,0,0,0,0,0,0,0,150,Wind = 150 MW,Onshore Wind Turbine,"EIA-860, EIA-860M and EIA-923",202001,32.4375,-100.7444,0,0,0,0,6,62
138,-102.505808,30.772575,561,57415,Sherbino II,Sherbino II Wind Farm LLC,62077,IPP Non-CHP,Ft. Stockton,Pecos,Texas,79735,5697 Tran Pecos Road,wind,145,145,0,0,0,0,0,0,0,145,Wind = 145 MW,Onshore Wind Turbine,"EIA-860, EIA-860M and EIA-923",202001,30.772575,-102.505808,0,0,0,0,6,27
141,-98.711944,33.383611,587,57520,Trinity Hills,Trinity Hills Wind Farm LLC,62075,IPP Non-CHP,Olney,Young,Texas,76374,116 Hilton Ranch Road,wind,225,225,0,0,0,0,0,0,0,225,Wind = 225 MW,Onshore Wind Turbine,"EIA-860, EIA-860M and EIA-923",202001,33.383611,-98.711944,0,0,0,0,6,125
142,-98.411111,26.465556,609,57617,Hidalgo Wind Farm LLC,Hidalgo Wind Farm LLC,56946,IPP Non-CHP,McCook,Hidalgo,Texas,78541,41420 FM 490,wind,250,250,0,0,0,0,0,0,0,250,Wind = 250 MW,Onshore Wind Turbine,"EIA-860, EIA-860M and EIA-923",202001,26.465556,-98.411111,0,0,0,0,6,111
144,-97.5857,26.33072,638,57751,Los Vientos Wind 1A,"Los Vientos Wind 1A, LLC",57063,IPP Non-CHP,Sebastian,Cameron,Texas,78594,4545 FM 507,wind,200,200,0,0,0,0,0,0,0,200,Wind = 200 MW,Onshore Wind Turbine,"EIA-860, EIA-860M and EIA-923",202001,26.33072,-97.5857,0,0,0,0,6,143
145,-97.6668,26.34892,639,57752,Los Vientos Wind 1B,"Los Vientos Wind 1B, LLC",57064,IPP Non-CHP,Sebastian,Cameron,Texas,78594,4545 FM 507,wind,201.6,201.6,0,0,0,0,0,0,0,201.6,Wind = 201.6 MW,Onshore Wind Turbine,"EIA-860, EIA-860M and EIA-923",202001,26.34892,-97.6668,0,0,0,0,6,143
146,-97.691111,26.475278,656,57802,Magic Valley Wind Farm I LLC,RWE Renewables Americas LLC,56215,IPP Non-CHP,San Perlita,Willacy,Texas,78590,12550 Pennington Road,wind,203,203,0,0,0,0,0,0,0,203,Wind = 203 MW,Onshore Wind Turbine,"EIA-860, EIA-860M and EIA-923",202001,26.475278,-97.691111,0,0,0,0,6,143
148,-97.789167,27.223056,684,57927,Baffin Wind,Avangrid Renewables LLC,15399,IPP Non-CHP,Sarita,Kenedy,Texas,78385,123 Baffin Road,wind,188,188,0,0,0,0,0,0,0,188,Wind = 188 MW,Onshore Wind Turbine,"EIA-860, EIA-860M and EIA-923",202001,27.223056,-97.789167,0,0,0,0,6,128
150,-98.581944,33.493056,694,57974,Bobcat Bluff Wind Project LLC,"EDF Renewable Asset Holdings, Inc.",57170,IPP Non-CHP,Archer,Archer,Texas,76351,1354 Cowan Rd,wind,150,150,0,0,0,0,0,0,0,150,Wind = 150 MW,Onshore Wind Turbine,"EIA-860, EIA-860M and EIA-923",202001,33.493056,-98.581944,0,0,0,0,6,125
151,-98.365069,33.205801,699,57981,Senate Wind LLC,Algonquin Power Co,59050,IPP Non-CHP,Bryson,Jack,Texas,76427,1065 FM 1191 North,wind,150,150,0,0,0,0,0,0,0,150,Wind = 150 MW,Onshore Wind Turbine,"EIA-860, EIA-860M and EIA-923",202001,33.205801,-98.365069,0,0,0,0,6,124
152,-101.647778,32.926389,700,57983,Stephens Ranch Wind Energy LLC,Stephens Ranch Wind Energy LLC,57355,IPP Non-CHP,O'Donnell,Borden,Texas,79351,2186 County Road 131,wind,376,376,0,0,0,0,0,0,0,376,Wind = 376 MW,Onshore Wind Turbine,"EIA-860, EIA-860M and EIA-923",202001,32.926389,-101.647778,0,0,0,0,6,44
153,-100.209167,29.234722,708,58000,"Anacacho Wind Farm, LLC",RWE Renewables Americas LLC,56215,IPP Non-CHP,Brackettville,Kinney,Texas,78832,15542 Ranch Road 1572,wind,99.8,99.8,0,0,0,0,0,0,0,99.8,Wind = 99.8 MW,Onshore Wind Turbine,"EIA-860, EIA-860M and EIA-923",202001,29.234722,-100.209167,0,0,0,0,6,70
154,-99.005278,27.488056,714,58021,Whitetail,"Whitetail Wind Energy, LLC",57398,IPP Non-CHP,Oilton,Webb,Texas,78731,1462 Wellhausen Rd,wind,92,91.2,0,0,0,0,0,0,0,91.2,Wind = 91.2 MW,Onshore Wind Turbine,"EIA-860, EIA-860M and EIA-923",202001,27.488056,-99.005278,0,0,0,0,6,97
155,-100.524167,32.969722,722,58048,BayWa r.e Mozart LLC,BayWa r.e Wind LLC,57421,IPP Non-CHP,Jayton,Kent,Texas,79528,17839 Hwy 70,wind,30,30,0,0,0,0,0,0,0,30,Wind = 30 MW,Onshore Wind Turbine,"EIA-860, EIA-860M and EIA-923",202001,32.969722,-100.524167,0,0,0,0,6,63
156,-97.428406,33.733006,726,58080,Wolf Ridge Wind,NextEra Wolf Ridge LLC,57460,IPP Non-CHP,Muenster,Cooke,Texas,76252,1923 CR 431,wind,112.5,112.5,0,0,0,0,0,0,0,112.5,Wind = 112.5 MW,Onshore Wind Turbine,"EIA-860, EIA-860M and EIA-923",202001,33.733006,-97.428406,0,0,0,0,6,157
157,-101.6875,33.033056,748,58162,Cirrus Wind 1 LLC,Cirrus Wind 1 LLC,58134,IPP Non-CHP,Tahoka,Lynn,Texas,79373,2609 County Road BB,wind,61.2,61.2,0,0,0,0,0,0,0,61.2,Wind = 61.2 MW,Onshore Wind Turbine,"EIA-860, EIA-860M and EIA-923",202001,33.033056,-101.6875,0,0,0,0,6,44
159,-98.466667,31.383333,756,58321,Goldthwaite Wind Energy Facility,Invenergy Services LLC,49893,IPP Non-CHP,Goldthwaite,Mills,Texas,76844,418 East Farm to Market Rd 572,wind,150,150,0,0,0,0,0,0,0,150,Wind = 150 MW,Onshore Wind Turbine,"EIA-860, EIA-860M and EIA-923",202001,31.383333,-98.466667,0,0,0,0,6,121
161,-99.364722,34.29,761,58372,Blue Summit Wind LLC,Blue Summit Wind LLC,58360,IPP Non-CHP,Vernon,Wilbarger,Texas,76384,17301 CR 97N,wind,135.4,135.4,0,0,0,0,0,0,0,135.4,Wind = 135.4 MW,Onshore Wind Turbine,"EIA-860, EIA-860M and EIA-923",202001,34.29,-99.364722,0,0,0,0,6,94
163,-97.440278,27.832222,768,58424,Harbor Wind LLC,Harbor Wind Tenant LLC,58420,IPP Non-CHP,Corpus Christi,Nueces,Texas,78402,3918 Joe Fulton International,wind,9,9,0,0,0,0,0,0,0,9,Wind = 9 MW,Onshore Wind Turbine,"EIA-860, EIA-860M and EIA-923",202001,27.832222,-97.440278,0,0,0,0,6,146
164,-101.310833,35.238333,787,58596,"Grandview Wind Farm, LLC",RWE Renewables Americas LLC,56215,IPP Non-CHP,Panhandle,Carson,Texas,79068,408 County Road R,wind,211.2,211.2,0,0,0,0,0,0,0,211.2,Wind = 211.2 MW,Onshore Wind Turbine,"EIA-860, EIA-860M and EIA-923",202001,35.238333,-101.310833,0,0,0,0,6,54
165,-97.648056,27.592778,789,58614,Patriot Wind Farm,Avangrid Renewables LLC,15399,IPP Non-CHP,TBD,Nueces,Texas,78380,TBD Road,wind,226.1,226.1,0,0,0,0,0,0,0,226.1,Wind = 226.1 MW,Onshore Wind Turbine,"EIA-860, EIA-860M and EIA-923",202001,27.592778,-97.648056,0,0,0,0,6,145
168,-100.538611,35.653889,807,58765,Miami Wind Energy Center,Invenergy Services LLC,49893,IPP Non-CHP,Miami,Roberts,Texas,79059,3096 FM 1268,wind,288.6,288.6,0,0,0,0,0,0,0,288.6,Wind = 288.6 MW,Onshore Wind Turbine,"EIA-860, EIA-860M and EIA-923",202001,35.653889,-100.538611,0,0,0,0,6,68
170,-101.251111,34.311111,813,58772,Longhorn Wind,"EDF Renewable Asset Holdings, Inc.",57170,IPP Non-CHP,Silverton,Briscoe,Texas,79201,120 CR 17,wind,200,200,0,0,0,0,0,0,0,200,Wind = 200 MW,Onshore Wind Turbine,"EIA-860, EIA-860M and EIA-923",202001,34.311111,-101.251111,0,0,0,0,6,66
174,-98.161111,33.143056,819,58838,Keechi Wind,"Keechi Wind, LLC",62969,IPP Non-CHP,Jacksboro,Jack,Texas,76458,3601 FM 4,wind,110,110,0,0,0,0,0,0,0,110,Wind = 110 MW,Onshore Wind Turbine,"EIA-860, EIA-860M and EIA-923",202001,33.143056,-98.161111,0,0,0,0,6,140
176,-98.360833,33.509722,853,59034,Shannon Wind,Shannon Wind LLC,58872,IPP Non-CHP,Windhorst,Clay,Texas,76389,4130 Cobb Road,wind,204,204,0,0,0,0,0,0,0,204,Wind = 204 MW,Onshore Wind Turbine,"EIA-860, EIA-860M and EIA-923",202001,33.509722,-98.360833,0,0,0,0,6,125
177,-97.6425,26.941667,856,59063,Stella Wind Farm,RWE Renewables Americas LLC,56215,IPP Non-CHP,Armstrong,Kenedy,Texas,78338,1238 E. Turcotte Rd.,wind,201,201,0,0,0,0,0,0,0,201,Wind = 201 MW,Onshore Wind Turbine,"EIA-860, EIA-860M and EIA-923",202001,26.941667,-97.6425,0,0,0,0,6,144
178,-97.691111,26.522222,858,59066,Bruennings Breeze Wind Farm,RWE Renewables Americas LLC,56215,IPP Non-CHP,Raymondville,Willacy,Texas,78580,382 W. Main St,wind,228,228,0,0,0,0,0,0,0,228,Wind = 228 MW,Onshore Wind Turbine,"EIA-860, EIA-860M and EIA-923",202001,26.522222,-97.691111,0,0,0,0,6,143
179,-101.186622,35.254184,859,59068,"Colbeck's Corner, LLC",RWE Renewables Americas LLC,56215,IPP Non-CHP,Groom,Carson,Texas,79068,2506 County Road 5,wind,200,200,0,0,0,0,0,0,0,200,Wind = 200 MW,Onshore Wind Turbine,"EIA-860, EIA-860M and EIA-923",202001,35.254184,-101.186622,0,0,0,0,6,54
180,-97.466111,26.195278,865,59118,Cameron Wind 1 LLC,Cameron Wind 1 LLC,58939,IPP Non-CHP,Rio Hondo,Cameron,Texas,78583,25005 FM 1847 B,wind,165,165,0,0,0,0,0,0,0,165,Wind = 165 MW,Onshore Wind Turbine,"EIA-860, EIA-860M and EIA-923",202001,26.195278,-97.466111,0,0,0,0,6,142
181,-97.500833,27.5925,868,59193,Chapman Ranch Wind I,Chapman Ranch Wind LLC,58998,IPP Non-CHP,Corpus Christi,Nueces,Texas,78415,1070 County Road 55,wind,236,249,0,0,0,0,0,0,0,249,Wind = 249 MW,Onshore Wind Turbine,"EIA-860, EIA-860M and EIA-923",202001,27.5925,-97.500833,0,0,0,0,6,145
182,-98.5,33.495278,884,59238,Windthorst-2,"EDF Renewable Asset Holdings, Inc.",57170,IPP Non-CHP,Archer,Archer,Texas,76389,3885 Loftin Road,wind,67.6,67.6,0,0,0,0,0,0,0,67.6,Wind = 67.6 MW,Onshore Wind Turbine,"EIA-860, EIA-860M and EIA-923",202001,33.495278,-98.5,0,0,0,0,6,125
184,-101.143611,32.931944,886,59245,Fluvanna,Fluvanna Wind Energy LLC,60042,IPP Non-CHP,Fluvanna,Scurry,Texas,79517,14925 County Road 2224,wind,155.4,155.4,0,0,0,0,0,0,0,155.4,Wind = 155.4 MW,Onshore Wind Turbine,"EIA-860, EIA-860M and EIA-923",202001,32.931944,-101.143611,0,0,0,0,6,52
186,-98.806111,26.388611,900,59320,Los Vientos Windpower III,"Los Vientos Windpower III, LLC",59119,IPP Non-CHP,Rio Grande City,Starr,Texas,78582,200 FM 490,wind,200,200,0,0,0,0,0,0,0,200,Wind = 200 MW,Onshore Wind Turbine,"EIA-860, EIA-860M and EIA-923",202001,26.388611,-98.806111,0,0,0,0,6,95
187,-98.818333,26.380556,901,59321,Los Vientos Windpower IV,"Los Vientos Windpower IV, LLC",59120,IPP Non-CHP,Rio Grande City,Starr,Texas,78582,200 FM 490,wind,200,200,0,0,0,0,0,0,0,200,Wind = 200 MW,Onshore Wind Turbine,"EIA-860, EIA-860M and EIA-923",202001,26.380556,-98.818333,0,0,0,0,6,95
188,-101.741111,32.7,906,59332,Mesquite Creek Wind,"Mesquite Creek Wind, LLC",59900,IPP Non-CHP,Lamesa,Dawson,Texas,79331,2412 County Road W,wind,211.2,211.2,0,0,0,0,0,0,0,211.2,Wind = 211.2 MW,Onshore Wind Turbine,"EIA-860, EIA-860M and EIA-923",202001,32.7,-101.741111,0,0,0,0,6,43
191,-98.690556,31.8225,910,59442,Logans Gap Wind LLC,Pattern Operators LP,56545,IPP Non-CHP,Comanche,Comanche,Texas,76442,2011 CR 207,wind,200.1,200.1,0,0,0,0,0,0,0,200.1,Wind = 200.1 MW,Onshore Wind Turbine,"EIA-860, EIA-860M and EIA-923",202001,31.8225,-98.690556,0,0,0,0,6,122
194,-98.916667,27.18,924,59654,Sendero,"Sendero Wind Energy, LLC",59428,IPP Non-CHP,Hebbronville,Jim Hogg,Texas,78361,565 FM 649,wind,78,78,0,0,0,0,0,0,0,78,Wind = 78 MW,Onshore Wind Turbine,"EIA-860, EIA-860M and EIA-923",202001,27.18,-98.916667,0,0,0,0,6,96
195,-97.377599,26.125979,928,59712,"San Roman Wind I, LLC",Acciona Wind Energy USA LLC,55918,IPP Non-CHP,Los Fresnos,Cameron,Texas,78566,31304 - 31664 San Ramon Rd,wind,95.3,95.3,0,0,0,0,0,0,0,95.3,Wind = 95.3 MW,Onshore Wind Turbine,"EIA-860, EIA-860M and EIA-923",202001,26.125979,-97.377599,0,0,0,0,6,142
196,-99.411169,33.628222,931,59732,Green Pastures Wind I,"Green Pastures Wind I, LLC",59501,IPP Non-CHP,Seymour,Baylor,Texas,76380,4278 CR 140,wind,150,150,0,0,0,0,0,0,0,150,Wind = 150 MW,Onshore Wind Turbine,"EIA-860, EIA-860M and EIA-923",202001,33.628222,-99.411169,0,0,0,0,6,93
197,-99.532944,33.645964,932,59733,Green Pastures Wind II,"Green Pastures Wind II, LLC",59502,IPP Non-CHP,Seymour,Knox,Texas,76380,4278 CR 140,wind,150,150,0,0,0,0,0,0,0,150,Wind = 150 MW,Onshore Wind Turbine,"EIA-860, EIA-860M and EIA-923",202001,33.645964,-99.532944,0,0,0,0,6,93
198,-101.237233,34.432267,933,59734,Briscoe Wind Farm,Capital Dynamics,59503,IPP Non-CHP,Silverton,Briscoe,Texas,79257,9947 County Road F,wind,150,150,0,0,0,0,0,0,0,150,Wind = 150 MW,Onshore Wind Turbine,"EIA-860, EIA-860M and EIA-923",202001,34.432267,-101.237233,0,0,0,0,6,54
199,-101.493407,31.74325,943,59943,Rattlesnake Den,SunEdison LLC,59139,IPP Non-CHP,Garden City,Glasscock,Texas,79739,151 CR170,wind,207.2,207.2,0,0,0,0,0,0,0,207.2,Wind = 207.2 MW,Onshore Wind Turbine,"EIA-860, EIA-860M and EIA-923",202001,31.74325,-101.493407,0,0,0,0,6,41
200,-101.582,31.727237,947,59972,Bearkat,RWE Renewables Americas LLC,56215,IPP Non-CHP,St. Lawrence,Glasscock,Texas,79739,11045 State Hwy 137,wind,196.7,196.7,0,0,0,0,0,0,0,196.7,Wind = 196.7 MW,Onshore Wind Turbine,"EIA-860, EIA-860M and EIA-923",202001,31.727237,-101.582,0,0,0,0,6,41
201,-98.571554,26.411689,953,60059,Los Vientos V Wind Power,"Los Vientos Windpower V, LLC",59792,IPP Non-CHP,Rio Grande City,Starr,Texas,78582,222 FM 490,wind,110,110,0,0,0,0,0,0,0,110,Wind = 110 MW,Onshore Wind Turbine,"EIA-860, EIA-860M and EIA-923",202001,26.411689,-98.571554,0,0,0,0,6,111
202,-101.381494,34.196962,955,60087,South Plains II,Novatus Energy,60453,IPP Non-CHP,Lockney,Floyd,Texas,79241,County Rd. 129,wind,300,300,0,0,0,0,0,0,0,300,Wind = 300 MW,Onshore Wind Turbine,"EIA-860, EIA-860M and EIA-923",202001,34.196962,-101.381494,0,0,0,0,6,65
203,-99,27.32,957,60104,"Javelina Wind Energy, LLC","Javelina Wind Energy, LLC",59882,IPP Non-CHP,Mirando City,Webb,Texas,78369,5429 Vaquillas Road,wind,249.7,249.7,0,0,0,0,0,0,0,249.7,Wind = 249.7 MW,Onshore Wind Turbine,"EIA-860, EIA-860M and EIA-923",202001,27.32,-99,0,0,0,0,6,97
205,-100.79431,29.72753,965,60217,Rocksprings,"Rocksprings Val Verde Wind, LLC",59999,IPP Non-CHP,Del Rio,Val Verde,Texas,78840,1825 US 377,wind,149.3,149.3,0,0,0,0,0,0,0,149.3,Wind = 149.3 MW,Onshore Wind Turbine,"EIA-860, EIA-860M and EIA-923",202001,29.72753,-100.79431,0,0,0,0,6,45
207,-99.118746,34.102943,975,60338,Electra Wind Farm,"Electra Wind, LLC",60128,IPP Non-CHP,Oklaunion,Wilbarger,Texas,76364,13445 C R 134 East,wind,230,230,0,0,0,0,0,0,0,230,Wind = 230 MW,Onshore Wind Turbine,"EIA-860, EIA-860M and EIA-923",202001,34.102943,-99.118746,0,0,0,0,6,110
208,-99.54,33.35,976,60339,Horse Creek Wind Farm,"Horse Creek Wind, LLC",60129,IPP Non-CHP,Weinert,Haskell,Texas,76388,694 CR 284,wind,230,230,0,0,0,0,0,0,0,230,Wind = 230 MW,Onshore Wind Turbine,"EIA-860, EIA-860M and EIA-923",202001,33.35,-99.54,0,0,0,0,6,93
211,-97.372009,33.703851,986,60502,"Tyler Bluff Wind Project, LLC",Southern Power Co,17650,IPP Non-CHP,Muenster,Cooke,Texas,76252,5858 County Road 424,wind,125.6,125.6,0,0,0,0,0,0,0,125.6,Wind = 125.6 MW,Onshore Wind Turbine,"EIA-860, EIA-860M and EIA-923",202001,33.703851,-97.372009,0,0,0,0,6,157
212,-98.91,27.44,999,60645,"Javelina Wind Energy II, LLC","Javelina Wind Energy II, LLC",60384,IPP Non-CHP,MIRANDO,Webb,Texas,78369,5429 VAQUILLAS ROAD,wind,200,200,0,0,0,0,0,0,0,200,Wind = 200 MW,Onshore Wind Turbine,"EIA-860, EIA-860M and EIA-923",202001,27.44,-98.91,0,0,0,0,6,97
213,-100.934408,35.18172,1001,60657,"Salt Fork Wind Project, LLC",Southern Power Co,17650,IPP Non-CHP,Clarendon,Donley,Texas,79226,12124 I-40,wind,174,174,0,0,0,0,0,0,0,174,Wind = 174 MW,Onshore Wind Turbine,"EIA-860, EIA-860M and EIA-923",202001,35.18172,-100.934408,0,0,0,0,6,54
214,-99.551356,31.360331,1007,60743,"Rattlesnake Power, LLC","Rattlesnake Power, LLC",60443,IPP Non-CHP,Brady,McCulloch,Texas,76858,CR 128 and US Hwy 87,wind,160,160,0,0,0,0,0,0,0,160,Wind = 160 MW,Onshore Wind Turbine,"EIA-860, EIA-860M and EIA-923",202001,31.360331,-99.551356,0,0,0,0,6,89
216,-99.624257,33.345366,1012,60901,Willow Springs Wind Farm,RWE Renewables Americas LLC,56215,IPP Non-CHP,Weinert,Haskell,Texas,76388,343 CR 251,wind,250,250,0,0,0,0,0,0,0,250,Wind = 250 MW,Onshore Wind Turbine,"EIA-860, EIA-860M and EIA-923",202001,33.345366,-99.624257,0,0,0,0,6,93
217,-100.975128,32.863769,1013,60902,Dermott Wind,RWE Renewables Americas LLC,56215,IPP Non-CHP,Snyder,Scurry,Texas,79549,8538  F M 1142,wind,253,253,0,0,0,0,0,0,0,253,Wind = 253 MW,Onshore Wind Turbine,"EIA-860, EIA-860M and EIA-923",202001,32.863769,-100.975128,0,0,0,0,6,52
218,-98.377389,32.371306,1018,60983,Buckthorn Wind Project,"Buckthorn Wind Project, LLC",60617,IPP Non-CHP,Mingus,Erath,Texas,76463,9449 County Road 109,wind,100.5,100.5,0,0,0,0,0,0,0,100.5,Wind = 100.5 MW,Onshore Wind Turbine,"EIA-860, EIA-860M and EIA-923",202001,32.371306,-98.377389,0,0,0,0,6,123
219,-101.318787,31.181377,1019,60987,Santa Rita Wind Energy,"BHE Renewables, LLC",59359,IPP Non-CHP,Big Lake,Reagan,Texas,76932,4990E Hwy 67,wind,300,300,0,0,0,0,0,0,0,300,Wind = 300 MW,Onshore Wind Turbine,"EIA-860, EIA-860M and EIA-923",202001,31.181377,-101.318787,0,0,0,0,6,40
220,-100.028142,31.112474,1021,61001,Cactus Flats Wind Energy Project,Southern Power Co,17650,IPP Non-CHP,Eden,Concho,Texas,76837,7515 CR 2246,wind,150,150,0,0,0,0,0,0,0,150,Wind = 150 MW,Onshore Wind Turbine,"EIA-860, EIA-860M and EIA-923",202001,31.112474,-100.028142,0,0,0,0,6,74
221,-98.603358,31.684511,1038,61212,Flat Top Wind I,"Flat Top Wind I, LLC",60844,IPP Non-CHP,Mullin,Mills,Texas,76864,559 FM 218 W,wind,200,200,0,0,0,0,0,0,0,200,Wind = 200 MW,Onshore Wind Turbine,"EIA-860, EIA-860M and EIA-923",202001,31.684511,-98.603358,0,0,0,0,6,121
222,-97.750481,28.109303,1046,61343,Karankawa Wind LLC,Avangrid Renewables LLC,15399,IPP Non-CHP,Mathis,San Patricio,Texas,79019,TBD,wind,307.1,307.1,0,0,0,0,0,0,0,307.1,Wind = 307.1 MW,Onshore Wind Turbine,"EIA-860, EIA-860M and EIA-923",202001,28.109303,-97.750481,0,0,0,0,6,130
223,-99.740278,33.915315,1049,61402,Foard City Wind,"Foard City Wind, LLC",61037,IPP Non-CHP,Crowell,Foard,Texas,79227,TBD,wind,352.8,350.3,0,0,0,0,0,0,0,350.3,Wind = 350.3 MW,Onshore Wind Turbine,"EIA-860, EIA-860M and EIA-923",202001,33.915315,-99.740278,0,0,0,0,6,94
224,-101.208955,32.875073,1051,61417,Gopher Creek Wind Farm,Fluvanna Wind Energy 2 LLC,61054,IPP Non-CHP,Fluvanna,Borden,Texas,79517,TBD,wind,158,158,0,0,0,0,0,0,0,158,Wind = 158 MW,Onshore Wind Turbine,"EIA-860, EIA-860M and EIA-923",202001,32.875073,-101.208955,0,0,0,0,6,52
227,-97.300202,27.954976,1077,61776,"Midway Wind, LLC","Midway Wind, LLC",61396,IPP Non-CHP,Taft,San Patricio,Texas,78390,5894 CR 3865,wind,162.9,162.9,0,0,0,0,0,0,0,162.9,Wind = 162.9 MW,Onshore Wind Turbine,"EIA-860, EIA-860M and EIA-923",202001,27.954976,-97.300202,0,0,0,0,6,146
228,-100.623114,31.048557,1078,61782,Live Oak Wind Project,Engie North America,56201,IPP Non-CHP,Eldorado,Schleicher,Texas,76936,1440 CR 431,wind,199.5,199.5,0,0,0,0,0,0,0,199.5,Wind = 199.5 MW,Onshore Wind Turbine,"EIA-860, EIA-860M and EIA-923",202001,31.048557,-100.623114,0,0,0,0,6,59
230,-99.0387,26.649,1086,61865,"Rio Bravo Windpower, LLC","Rio Bravo Windpower, LLC",61485,IPP Non-CHP,Roma,Starr,Texas,78584,399 Rancho Nuevo Rd,wind,237.6,237.6,0,0,0,0,0,0,0,237.6,Wind = 237.6 MW,Onshore Wind Turbine,"EIA-860, EIA-860M and EIA-923",202001,26.649,-99.0387,0,0,0,0,6,95
232,-98.7945,27.614411,1095,61969,"Torrecillas Wind Energy, LLC","Torrecillas Wind Energy, LLC",61562,IPP Non-CHP,Bruni,Webb,Texas,78344,7595 FM 2050,wind,300,300,0,0,0,0,0,0,0,300,Wind = 300 MW,Onshore Wind Turbine,"EIA-860, EIA-860M and EIA-923",202001,27.614411,-98.7945,0,0,0,0,6,97
233,-99.477986,34.225882,1096,61970,"Blue Summit II Wind, LLC","Blue Summit II Wind, LLC",61563,IPP Non-CHP,Vernon,Wilbarger,Texas,76384,17301 N CR 97,wind,99.4,99.4,0,0,0,0,0,0,0,99.4,Wind = 99.4 MW,Onshore Wind Turbine,"EIA-860, EIA-860M and EIA-923",202001,34.225882,-99.477986,0,0,0,0,6,94
234,-101.110787,31.207988,1099,62038,Santa Rita East,Invenergy Services LLC,49893,IPP Non-CHP,Barnhart,Irion,Texas,76930,20716 N. State Highway 163,wind,302.4,302.4,0,0,0,0,0,0,0,302.4,Wind = 302.4 MW,Onshore Wind Turbine,"EIA-860, EIA-860M and EIA-923",202001,31.207988,-101.110787,0,0,0,0,6,48
235,-99.1921,33.57824,1113,62227,"Seymour Hills Wind Project, LLC",Engie North America,56201,IPP Non-CHP,Seymour,Baylor,Texas,76380,TBD,wind,30.2,30.2,0,0,0,0,0,0,0,30.2,Wind = 30.2 MW,Onshore Wind Turbine,"EIA-860, EIA-860M and EIA-923",202001,33.57824,-99.1921,0,0,0,0,6,109
236,-98.745522,26.523692,1114,62258,Mesteno,Mesteno Wind,61770,IPP Non-CHP,Rio Grande City,Starr,Texas,78582,200 FM 490,wind,201.6,200,0,0,0,0,0,0,0,200,Wind = 200 MW,Onshore Wind Turbine,"EIA-860, EIA-860M and EIA-923",202001,26.523692,-98.745522,0,0,0,0,6,111
237,-101.453021,30.594908,1115,62259,Ranchero Wind Farm LLC,Ranchero Wind Farm LLC,61771,IPP Non-CHP,Iraan,Crockett,Texas,79744,TBD,wind,300,300,0,0,0,0,0,0,0,300,Wind = 300 MW,Onshore Wind Turbine,"EIA-860, EIA-860M and EIA-923",202001,30.594908,-101.453021,0,0,0,0,6,39
238,-99.264676,34.072251,1119,62356,Lockett Windfarm,"Lockett Windfarm, LLC",61886,IPP Non-CHP,Vernon,Wilbarger,Texas,76384,13072 US Hwy 183,wind,183.8,183.8,0,0,0,0,0,0,0,183.8,Wind = 183.8 MW,Onshore Wind Turbine,"EIA-860, EIA-860M and EIA-923",202001,34.072251,-99.264676,0,0,0,0,6,94
239,-99.563436,34.170488,1124,62566,Blue Summit III Wind,"Blue Summit III Wind, LLC",62063,IPP Non-CHP,Chilicothe,Hardeman,Texas,79225,TBD,wind,200.2,200.2,0,0,0,0,0,0,0,200.2,Wind = 200.2 MW,Onshore Wind Turbine,"EIA-860, EIA-860M and EIA-923",202001,34.170488,-99.563436,0,0,0,0,6,94
